name	unique reads 181023-190319_Brain_S29	181023-190319_Brain_S29	read count (mult. map. adj.)	181023-190319_Brain_S29181023-190319_Brain_S29(lib)	RPM (total)	coordinateString 181023-190319_Brain_S29	181023-190319_Brain_S29 (lib)	RPM_adj (total)
NR_001571:Y_RNA 	142.0	6310.0	6310.0	449110.3202846975	234.02095811592287	7:hsa;NR_001571:Y_RNA ,148941488,148941537,+	449110.3202846975	234.02095811592287
NR_004392:Y_RNA 	43.0	4832.0	2416.0	343914.590747331	179.2059064367891	X:hsa;NR_004392:Y_RNA ,117914296,117914345,-	171957.2953736655	89.60295321839455
NR_004392:Y_RNA 	43.0	4832.0	2416.0	343914.590747331	179.2059064367891	7:hsa;NR_004392:Y_RNA ,148983755,148983804,+	171957.2953736655	89.60295321839455
NR_004391:Y_RNA 	58.0	2908.0	2908.0	206975.08896797153	107.84991223472323	7:hsa;NR_004391:Y_RNA ,148987199,148987248,-	206975.08896797153	107.84991223472323
