name	unique reads 32152347_EXO_S11	32152347_EXO_S11	read count (mult. map. adj.)	32152347_EXO_S1132152347_EXO_S11(lib)	RPM (total)	coordinateString 32152347_EXO_S11	32152347_EXO_S11 (lib)	RPM_adj (total)
NR_001571:Y_RNA 	12.0	117.0	117.0	866666.6666666666	17.79914080352624	7:hsa;NR_001571:Y_RNA ,148941488,148941537,+	866666.6666666666	17.79914080352624
NR_004391:Y_RNA 	1.0	18.0	18.0	133333.33333333334	2.738329354388652	7:hsa;NR_004391:Y_RNA ,148987199,148987248,-	133333.33333333334	2.738329354388652
