name	unique reads 32151764_EXO_S5	32151764_EXO_S5	read count (mult. map. adj.)	32151764_EXO_S532151764_EXO_S5(lib)	RPM (total)	coordinateString 32151764_EXO_S5	32151764_EXO_S5 (lib)	RPM_adj (total)
NR_001571:Y_RNA 	15.0	231.0	231.0	577500.0	29.565074713247572	7:hsa;NR_001571:Y_RNA ,148941488,148941537,+	577500.0	29.565074713247572
NR_004391:Y_RNA 	4.0	102.0	102.0	255000.0	13.054708314940488	7:hsa;NR_004391:Y_RNA ,148987199,148987248,-	255000.0	13.054708314940488
NR_004392:Y_RNA 	2.0	67.0	33.5	167500.0	8.575151540206006	7:hsa;NR_004392:Y_RNA ,148983755,148983804,+	83750.0	4.287575770103003
NR_004392:Y_RNA 	2.0	67.0	33.5	167500.0	8.575151540206006	X:hsa;NR_004392:Y_RNA ,117914296,117914345,-	83750.0	4.287575770103003
