name	unique reads 32152086_EXO_S7	32152086_EXO_S7	read count (mult. map. adj.)	32152086_EXO_S732152086_EXO_S7(lib)	RPM (total)	coordinateString 32152086_EXO_S7	32152086_EXO_S7 (lib)	RPM_adj (total)
NR_004391:Y_RNA 	6.0	111.0	111.0	735099.3377483443	14.964310120362935	7:hsa;NR_004391:Y_RNA ,148987199,148987248,-	735099.3377483443	14.964310120362935
NR_004392:Y_RNA 	3.0	40.0	20.0	264900.6622516556	5.392544187518174	X:hsa;NR_004392:Y_RNA ,117914296,117914345,-	132450.3311258278	2.696272093759087
NR_004392:Y_RNA 	3.0	40.0	20.0	264900.6622516556	5.392544187518174	7:hsa;NR_004392:Y_RNA ,148983755,148983804,+	132450.3311258278	2.696272093759087
