name	unique reads 32152175_EXO_S9	32152175_EXO_S9	read count (mult. map. adj.)	32152175_EXO_S932152175_EXO_S9(lib)	RPM (total)	coordinateString 32152175_EXO_S9	32152175_EXO_S9 (lib)	RPM_adj (total)
NR_001571:Y_RNA 	19.0	440.0	440.0	717781.4029363784	47.59861215428398	7:hsa;NR_001571:Y_RNA ,148941488,148941537,+	717781.4029363784	47.59861215428398
NR_004392:Y_RNA 	3.0	139.0	69.5	226753.67047308318	15.036834294194257	7:hsa;NR_004392:Y_RNA ,148983755,148983804,+	113376.83523654159	7.518417147097129
NR_004392:Y_RNA 	3.0	139.0	69.5	226753.67047308318	15.036834294194257	X:hsa;NR_004392:Y_RNA ,117914296,117914345,-	113376.83523654159	7.518417147097129
NR_004391:Y_RNA 	2.0	34.0	34.0	55464.92659053833	3.6780745755583077	7:hsa;NR_004391:Y_RNA ,148987199,148987248,-	55464.92659053833	3.6780745755583077
