name	unique reads 32151185_EXO_S4	32151185_EXO_S4	read count (mult. map. adj.)	32151185_EXO_S432151185_EXO_S4(lib)	RPM (total)	coordinateString 32151185_EXO_S4	32151185_EXO_S4 (lib)	RPM_adj (total)
NR_004392:Y_RNA 	23.0	1531.0	765.5	503287.3109796187	217.61365800741507	7:hsa;NR_004392:Y_RNA ,148983755,148983804,+	251643.65548980935	108.80682900370753
NR_004392:Y_RNA 	23.0	1531.0	765.5	503287.3109796187	217.61365800741507	X:hsa;NR_004392:Y_RNA ,117914296,117914345,-	251643.65548980935	108.80682900370753
NR_004391:Y_RNA 	26.0	868.0	868.0	285338.5930309007	123.37599944509228	7:hsa;NR_004391:Y_RNA ,148987199,148987248,-	285338.5930309007	123.37599944509228
NR_001571:Y_RNA 	32.0	643.0	643.0	211374.09598948061	91.39489359815016	7:hsa;NR_001571:Y_RNA ,148941488,148941537,+	211374.09598948061	91.39489359815016
