name	unique reads 32151151_EXO_S3	32151151_EXO_S3	read count (mult. map. adj.)	32151151_EXO_S332151151_EXO_S3(lib)	RPM (total)	coordinateString 32151151_EXO_S3	32151151_EXO_S3 (lib)	RPM_adj (total)
NR_001571:Y_RNA 	15.0	620.0	620.0	544815.4657293498	64.64736115727953	7:hsa;NR_001571:Y_RNA ,148941488,148941537,+	544815.4657293498	64.64736115727953
NR_004392:Y_RNA 	10.0	366.0	183.0	321616.87170474516	38.16279707026501	7:hsa;NR_004392:Y_RNA ,148983755,148983804,+	160808.43585237258	19.081398535132504
NR_004392:Y_RNA 	10.0	366.0	183.0	321616.87170474516	38.16279707026501	X:hsa;NR_004392:Y_RNA ,117914296,117914345,-	160808.43585237258	19.081398535132504
NR_004391:Y_RNA 	6.0	152.0	152.0	133567.6625659051	15.84903047726853	7:hsa;NR_004391:Y_RNA ,148987199,148987248,-	133567.6625659051	15.84903047726853
