name	unique reads 32152088_EXO_S8	32152088_EXO_S8	read count (mult. map. adj.)	32152088_EXO_S832152088_EXO_S8(lib)	RPM (total)	coordinateString 32152088_EXO_S8	32152088_EXO_S8 (lib)	RPM_adj (total)
NR_001571:Y_RNA 	29.0	1177.0	1177.0	411826.4520643807	105.94225328101449	7:hsa;NR_001571:Y_RNA ,148941488,148941537,+	411826.4520643807	105.94225328101449
NR_004392:Y_RNA 	13.0	877.0	438.5	306857.94261721487	78.93913009978735	X:hsa;NR_004392:Y_RNA ,117914296,117914345,-	153428.97130860743	39.469565049893674
NR_004392:Y_RNA 	13.0	877.0	438.5	306857.94261721487	78.93913009978735	7:hsa;NR_004392:Y_RNA ,148983755,148983804,+	153428.97130860743	39.469565049893674
NR_004391:Y_RNA 	20.0	804.0	804.0	281315.6053184045	72.36837012568874	7:hsa;NR_004391:Y_RNA ,148987199,148987248,-	281315.6053184045	72.36837012568874
