name	unique reads 32151033_EXO_S1	32151033_EXO_S1	read count (mult. map. adj.)	32151033_EXO_S132151033_EXO_S1(lib)	RPM (total)	coordinateString 32151033_EXO_S1	32151033_EXO_S1 (lib)	RPM_adj (total)
NR_001571:Y_RNA 	4.0	165.0	165.0	717391.304347826	16.59547376054441	7:hsa;NR_001571:Y_RNA ,148941488,148941537,+	717391.304347826	16.59547376054441
NR_004392:Y_RNA 	2.0	65.0	32.5	282608.6956521739	6.5376108753659805	X:hsa;NR_004392:Y_RNA ,117914296,117914345,-	141304.34782608695	3.2688054376829903
NR_004392:Y_RNA 	2.0	65.0	32.5	282608.6956521739	6.5376108753659805	7:hsa;NR_004392:Y_RNA ,148983755,148983804,+	141304.34782608695	3.2688054376829903
