name	unique reads 32152337_EXO_S10	32152337_EXO_S10	read count (mult. map. adj.)	32152337_EXO_S1032152337_EXO_S10(lib)	RPM (total)	coordinateString 32152337_EXO_S10	32152337_EXO_S10 (lib)	RPM_adj (total)
NR_001571:Y_RNA 	12.0	728.0	728.0	694656.4885496183	88.85713249977695	7:hsa;NR_001571:Y_RNA ,148941488,148941537,+	694656.4885496183	88.85713249977695
NR_004392:Y_RNA 	8.0	274.0	137.0	261450.38167938928	33.443481188102865	7:hsa;NR_004392:Y_RNA ,148983755,148983804,+	130725.19083969464	16.721740594051433
NR_004392:Y_RNA 	8.0	274.0	137.0	261450.38167938928	33.443481188102865	X:hsa;NR_004392:Y_RNA ,117914296,117914345,-	130725.19083969464	16.721740594051433
NR_004391:Y_RNA 	2.0	46.0	46.0	43893.12977099236	5.614599031579313	7:hsa;NR_004391:Y_RNA ,148987199,148987248,-	43893.12977099236	5.614599031579313
