name	unique reads 32151825_EXO_S6	32151825_EXO_S6	read count (mult. map. adj.)	32151825_EXO_S632151825_EXO_S6(lib)	RPM (total)	coordinateString 32151825_EXO_S6	32151825_EXO_S6 (lib)	RPM_adj (total)
NR_004392:Y_RNA 	3.0	191.0	95.5	424444.44444444444	25.364346891307132	7:hsa;NR_004392:Y_RNA ,148983755,148983804,+	212222.22222222222	12.682173445653566
NR_004392:Y_RNA 	3.0	191.0	95.5	424444.44444444444	25.364346891307132	X:hsa;NR_004392:Y_RNA ,117914296,117914345,-	212222.22222222222	12.682173445653566
NR_004391:Y_RNA 	6.0	170.0	170.0	377777.7777777778	22.57559670954038	7:hsa;NR_004391:Y_RNA ,148987199,148987248,-	377777.7777777778	22.57559670954038
NR_001571:Y_RNA 	5.0	89.0	89.0	197777.77777777778	11.818988865582904	7:hsa;NR_001571:Y_RNA ,148941488,148941537,+	197777.77777777778	11.818988865582904
