name	unique reads 32151130_EXO_S2	32151130_EXO_S2	read count (mult. map. adj.)	32151130_EXO_S232151130_EXO_S2(lib)	RPM (total)	coordinateString 32151130_EXO_S2	32151130_EXO_S2 (lib)	RPM_adj (total)
NR_001571:Y_RNA 	8.0	204.0	204.0	542553.1914893617	25.537511412075414	7:hsa;NR_001571:Y_RNA ,148941488,148941537,+	542553.1914893617	25.537511412075414
NR_004392:Y_RNA 	5.0	103.0	51.5	273936.170212766	12.893939585508665	7:hsa;NR_004392:Y_RNA ,148983755,148983804,+	136968.085106383	6.446969792754333
NR_004392:Y_RNA 	5.0	103.0	51.5	273936.170212766	12.893939585508665	X:hsa;NR_004392:Y_RNA ,117914296,117914345,-	136968.085106383	6.446969792754333
NR_004391:Y_RNA 	2.0	69.0	69.0	183510.63829787236	8.637687683496095	7:hsa;NR_004391:Y_RNA ,148987199,148987248,-	183510.63829787236	8.637687683496095
