name	unique reads 32161000_EXO_S17	32161000_EXO_S17	read count (mult. map. adj.)	32161000_EXO_S1732161000_EXO_S17(lib)	RPM (total)	coordinateString 32161000_EXO_S17	32161000_EXO_S17 (lib)	RPM_adj (total)
NR_001571:Y_RNA 	16.0	454.0	454.0	648571.4285714285	59.50428214571393	7:hsa;NR_001571:Y_RNA ,148941488,148941537,+	648571.4285714285	59.50428214571393
NR_004392:Y_RNA 	5.0	224.0	112.0	320000.0	29.35894097057251	7:hsa;NR_004392:Y_RNA ,148983755,148983804,+	160000.0	14.679470485286256
NR_004392:Y_RNA 	5.0	224.0	112.0	320000.0	29.35894097057251	X:hsa;NR_004392:Y_RNA ,117914296,117914345,-	160000.0	14.679470485286256
NR_004391:Y_RNA 	2.0	22.0	22.0	31428.571428571428	2.8834674167526573	7:hsa;NR_004391:Y_RNA ,148987199,148987248,-	31428.571428571428	2.8834674167526573
