name	unique reads 32160288_EXO_S14	32160288_EXO_S14	read count (mult. map. adj.)	32160288_EXO_S1432160288_EXO_S14(lib)	RPM (total)	coordinateString 32160288_EXO_S14	32160288_EXO_S14 (lib)	RPM_adj (total)
NR_004392:Y_RNA 	10.0	911.0	455.5	473738.9495579823	86.17312075909533	7:hsa;NR_004392:Y_RNA ,148983755,148983804,+	236869.47477899116	43.08656037954766
NR_004392:Y_RNA 	10.0	911.0	455.5	473738.9495579823	86.17312075909533	X:hsa;NR_004392:Y_RNA ,117914296,117914345,-	236869.47477899116	43.08656037954766
NR_001571:Y_RNA 	34.0	756.0	756.0	393135.72542901715	71.51139329733927	7:hsa;NR_001571:Y_RNA ,148941488,148941537,+	393135.72542901715	71.51139329733927
NR_004391:Y_RNA 	11.0	256.0	256.0	133125.32501300052	24.21549825941647	7:hsa;NR_004391:Y_RNA ,148987199,148987248,-	133125.32501300052	24.21549825941647
