name	unique reads 32161037_EXO_S18	32161037_EXO_S18	read count (mult. map. adj.)	32161037_EXO_S1832161037_EXO_S18(lib)	RPM (total)	coordinateString 32161037_EXO_S18	32161037_EXO_S18 (lib)	RPM_adj (total)
NR_004392:Y_RNA 	1.0	1.0	0.5	1000000.0	0.1354430667777661	X:hsa;NR_004392:Y_RNA ,117914296,117914345,-	500000.0	0.06772153338888305
NR_004392:Y_RNA 	1.0	1.0	0.5	1000000.0	0.1354430667777661	7:hsa;NR_004392:Y_RNA ,148983755,148983804,+	500000.0	0.06772153338888305
