name	unique reads 32161249_EXO_S19	32161249_EXO_S19	read count (mult. map. adj.)	32161249_EXO_S1932161249_EXO_S19(lib)	RPM (total)	coordinateString 32161249_EXO_S19	32161249_EXO_S19 (lib)	RPM_adj (total)
NR_001571:Y_RNA 	9.0	422.0	422.0	657320.8722741433	53.3157736611487	7:hsa;NR_001571:Y_RNA ,148941488,148941537,+	657320.8722741433	53.3157736611487
NR_004391:Y_RNA 	5.0	183.0	183.0	285046.72897196264	23.120347345948367	7:hsa;NR_004391:Y_RNA ,148987199,148987248,-	285046.72897196264	23.120347345948367
NR_004392:Y_RNA 	1.0	37.0	18.5	57632.39875389408	4.674605747541474	7:hsa;NR_004392:Y_RNA ,148983755,148983804,+	28816.19937694704	2.337302873770737
NR_004392:Y_RNA 	1.0	37.0	18.5	57632.39875389408	4.674605747541474	X:hsa;NR_004392:Y_RNA ,117914296,117914345,-	28816.19937694704	2.337302873770737
