name	unique reads 32160791_EXO_S16	32160791_EXO_S16	read count (mult. map. adj.)	32160791_EXO_S1632160791_EXO_S16(lib)	RPM (total)	coordinateString 32160791_EXO_S16	32160791_EXO_S16 (lib)	RPM_adj (total)
NR_001571:Y_RNA 	2.0	30.0	30.0	967741.9354838709	4.331269339117599	7:hsa;NR_001571:Y_RNA ,148941488,148941537,+	967741.9354838709	4.331269339117599
NR_004391:Y_RNA 	1.0	1.0	1.0	32258.06451612903	0.1443756446372533	7:hsa;NR_004391:Y_RNA ,148987199,148987248,-	32258.06451612903	0.1443756446372533
