name	unique reads 32161454_EXO_S20	32161454_EXO_S20	read count (mult. map. adj.)	32161454_EXO_S2032161454_EXO_S20(lib)	RPM (total)	coordinateString 32161454_EXO_S20	32161454_EXO_S20 (lib)	RPM_adj (total)
NR_004392:Y_RNA 	3.0	162.0	81.0	707423.5807860262	20.962494215904375	X:hsa;NR_004392:Y_RNA ,117914296,117914345,-	353711.7903930131	10.481247107952187
NR_004392:Y_RNA 	3.0	162.0	81.0	707423.5807860262	20.962494215904375	7:hsa;NR_004392:Y_RNA ,148983755,148983804,+	353711.7903930131	10.481247107952187
NR_001571:Y_RNA 	5.0	67.0	67.0	292576.4192139738	8.669673533738228	7:hsa;NR_001571:Y_RNA ,148941488,148941537,+	292576.4192139738	8.669673533738228
