name	unique reads 32160079_EXO_S13	32160079_EXO_S13	read count (mult. map. adj.)	32160079_EXO_S1332160079_EXO_S13(lib)	RPM (total)	coordinateString 32160079_EXO_S13	32160079_EXO_S13 (lib)	RPM_adj (total)
NR_004392:Y_RNA 	3.0	180.0	90.0	694980.6949806949	27.48780686700391	7:hsa;NR_004392:Y_RNA ,148983755,148983804,+	347490.34749034746	13.743903433501956
NR_004392:Y_RNA 	3.0	180.0	90.0	694980.6949806949	27.48780686700391	X:hsa;NR_004392:Y_RNA ,117914296,117914345,-	347490.34749034746	13.743903433501956
NR_001571:Y_RNA 	4.0	79.0	79.0	305019.30501930503	12.064093013851716	7:hsa;NR_001571:Y_RNA ,148941488,148941537,+	305019.30501930503	12.064093013851716
