name	unique reads 32170440_EXO_S27	32170440_EXO_S27	read count (mult. map. adj.)	32170440_EXO_S2732170440_EXO_S27(lib)	RPM (total)	coordinateString 32170440_EXO_S27	32170440_EXO_S27 (lib)	RPM_adj (total)
NR_004392:Y_RNA 	7.0	499.0	249.5	499000.0	46.402163177716844	X:hsa;NR_004392:Y_RNA ,117914296,117914345,-	249500.0	23.201081588858422
NR_004392:Y_RNA 	7.0	499.0	249.5	499000.0	46.402163177716844	7:hsa;NR_004392:Y_RNA ,148983755,148983804,+	249500.0	23.201081588858422
NR_001571:Y_RNA 	12.0	390.0	390.0	390000.0	36.26621971805525	7:hsa;NR_001571:Y_RNA ,148941488,148941537,+	390000.0	36.26621971805525
NR_004391:Y_RNA 	4.0	111.0	111.0	111000.0	10.32192407360034	7:hsa;NR_004391:Y_RNA ,148987199,148987248,-	111000.0	10.32192407360034
