name	unique reads 32170329_EXO_S24	32170329_EXO_S24	read count (mult. map. adj.)	32170329_EXO_S2432170329_EXO_S24(lib)	RPM (total)	coordinateString 32170329_EXO_S24	32170329_EXO_S24 (lib)	RPM_adj (total)
NR_004392:Y_RNA 	30.0	1771.0	885.5	401769.5099818512	145.02608831802166	7:hsa;NR_004392:Y_RNA ,148983755,148983804,+	200884.7549909256	72.51304415901083
NR_004392:Y_RNA 	30.0	1771.0	885.5	401769.5099818512	145.02608831802166	X:hsa;NR_004392:Y_RNA ,117914296,117914345,-	200884.7549909256	72.51304415901083
NR_001571:Y_RNA 	79.0	1557.0	1557.0	353221.4156079855	127.50176144051932	7:hsa;NR_001571:Y_RNA ,148941488,148941537,+	353221.4156079855	127.50176144051932
NR_004391:Y_RNA 	34.0	1080.0	1080.0	245009.07441016336	88.44052816683421	7:hsa;NR_004391:Y_RNA ,148987199,148987248,-	245009.07441016336	88.44052816683421
