name	unique reads 32170447_EXO_S28	32170447_EXO_S28	read count (mult. map. adj.)	32170447_EXO_S2832170447_EXO_S28(lib)	RPM (total)	coordinateString 32170447_EXO_S28	32170447_EXO_S28 (lib)	RPM_adj (total)
NR_001571:Y_RNA 	21.0	439.0	439.0	508101.85185185185	45.378992110877725	7:hsa;NR_001571:Y_RNA ,148941488,148941537,+	508101.85185185185	45.378992110877725
NR_004392:Y_RNA 	10.0	292.0	146.0	337962.962962963	30.18374873889817	7:hsa;NR_004392:Y_RNA ,148983755,148983804,+	168981.4814814815	15.091874369449085
NR_004392:Y_RNA 	10.0	292.0	146.0	337962.962962963	30.18374873889817	X:hsa;NR_004392:Y_RNA ,117914296,117914345,-	168981.4814814815	15.091874369449085
NR_004391:Y_RNA 	6.0	133.0	133.0	153935.1851851852	13.748077336552933	7:hsa;NR_004391:Y_RNA ,148987199,148987248,-	153935.1851851852	13.748077336552933
