name	unique reads 32170273_EXO_S23	32170273_EXO_S23	read count (mult. map. adj.)	32170273_EXO_S2332170273_EXO_S23(lib)	RPM (total)	coordinateString 32170273_EXO_S23	32170273_EXO_S23 (lib)	RPM_adj (total)
NR_001571:Y_RNA 	7.0	123.0	123.0	618090.4522613065	14.663641108456819	7:hsa;NR_001571:Y_RNA ,148941488,148941537,+	618090.4522613065	14.663641108456819
NR_004391:Y_RNA 	2.0	69.0	69.0	346733.66834170854	8.225945012061143	7:hsa;NR_004391:Y_RNA ,148987199,148987248,-	346733.66834170854	8.225945012061143
NR_004392:Y_RNA 	1.0	7.0	3.5	35175.87939698492	0.834516160643884	X:hsa;NR_004392:Y_RNA ,117914296,117914345,-	17587.93969849246	0.417258080321942
NR_004392:Y_RNA 	1.0	7.0	3.5	35175.87939698492	0.834516160643884	7:hsa;NR_004392:Y_RNA ,148983755,148983804,+	17587.93969849246	0.417258080321942
