name	unique reads 32170337_EXO_S25	32170337_EXO_S25	read count (mult. map. adj.)	32170337_EXO_S2532170337_EXO_S25(lib)	RPM (total)	coordinateString 32170337_EXO_S25	32170337_EXO_S25 (lib)	RPM_adj (total)
NR_004392:Y_RNA 	62.0	6588.0	3294.0	437799.04306220094	606.2864952167971	X:hsa;NR_004392:Y_RNA ,117914296,117914345,-	218899.52153110047	303.14324760839855
NR_004392:Y_RNA 	62.0	6588.0	3294.0	437799.04306220094	606.2864952167971	7:hsa;NR_004392:Y_RNA ,148983755,148983804,+	218899.52153110047	303.14324760839855
NR_001571:Y_RNA 	126.0	4667.0	4667.0	310140.88250930357	429.4989485696406	7:hsa;NR_001571:Y_RNA ,148941488,148941537,+	310140.88250930357	429.4989485696406
NR_004391:Y_RNA 	58.0	3793.0	3793.0	252060.07442849549	349.0656764355361	7:hsa;NR_004391:Y_RNA ,148987199,148987248,-	252060.07442849549	349.0656764355361
