name	unique reads 32170378_EXO_S26	32170378_EXO_S26	read count (mult. map. adj.)	32170378_EXO_S2632170378_EXO_S26(lib)	RPM (total)	coordinateString 32170378_EXO_S26	32170378_EXO_S26 (lib)	RPM_adj (total)
NR_001571:Y_RNA 	8.0	307.0	307.0	631687.2427983539	42.49951409350336	7:hsa;NR_001571:Y_RNA ,148941488,148941537,+	631687.2427983539	42.49951409350336
NR_004392:Y_RNA 	5.0	179.0	89.5	368312.7572016461	24.77984697959968	7:hsa;NR_004392:Y_RNA ,148983755,148983804,+	184156.37860082305	12.38992348979984
NR_004392:Y_RNA 	5.0	179.0	89.5	368312.7572016461	24.77984697959968	X:hsa;NR_004392:Y_RNA ,117914296,117914345,-	184156.37860082305	12.38992348979984
