name	unique reads 32170073_EXO_S22	32170073_EXO_S22	read count (mult. map. adj.)	32170073_EXO_S2232170073_EXO_S22(lib)	RPM (total)	coordinateString 32170073_EXO_S22	32170073_EXO_S22 (lib)	RPM_adj (total)
NR_001571:Y_RNA 	21.0	518.0	518.0	493803.62249761674	56.443351850312226	7:hsa;NR_001571:Y_RNA ,148941488,148941537,+	493803.62249761674	56.443351850312226
NR_004392:Y_RNA 	6.0	364.0	182.0	346997.14013346046	39.662895894814	X:hsa;NR_004392:Y_RNA ,117914296,117914345,-	173498.57006673023	19.831447947407
NR_004392:Y_RNA 	6.0	364.0	182.0	346997.14013346046	39.662895894814	7:hsa;NR_004392:Y_RNA ,148983755,148983804,+	173498.57006673023	19.831447947407
NR_004391:Y_RNA 	5.0	167.0	167.0	159199.23736892277	18.196987951741587	7:hsa;NR_004391:Y_RNA ,148987199,148987248,-	159199.23736892277	18.196987951741587
