name	unique reads 32170032_EXO_S21	32170032_EXO_S21	read count (mult. map. adj.)	32170032_EXO_S2132170032_EXO_S21(lib)	RPM (total)	coordinateString 32170032_EXO_S21	32170032_EXO_S21 (lib)	RPM_adj (total)
NR_001571:Y_RNA 	4.0	91.0	91.0	777777.7777777778	12.173160668865682	7:hsa;NR_001571:Y_RNA ,148941488,148941537,+	777777.7777777778	12.173160668865682
NR_004391:Y_RNA 	1.0	26.0	26.0	222222.22222222222	3.478045905390195	7:hsa;NR_004391:Y_RNA ,148987199,148987248,-	222222.22222222222	3.478045905390195
