name	unique reads 32152347_EXO_S11	32152347_EXO_S11	read count (mult. map. adj.)	32152347_EXO_S1132152347_EXO_S11(lib)	RPM (total)	coordinateString 32152347_EXO_S11	32152347_EXO_S11 (lib)	RPM_adj (total)
ENST00000437257.5-ENSG00000224994.10:protein_coding	1.0	9.0	3.0	818181.8181818182	1.369164677194326	6:hsa;ENST00000437257.5-ENSG00000224994.10:protein_coding,30329529,30329588,+	272727.2727272727	0.456388225731442
ENST00000425693.5-ENSG00000226437.10:protein_coding	1.0	9.0	3.0	818181.8181818182	1.369164677194326	6:hsa;ENST00000425693.5-ENSG00000226437.10:protein_coding,30329529,30329588,+	272727.2727272727	0.456388225731442
ENST00000457154.5-ENSG00000206495.12:protein_coding	1.0	9.0	3.0	818181.8181818182	1.369164677194326	6:hsa;ENST00000457154.5-ENSG00000206495.12:protein_coding,30329529,30329588,+	272727.2727272727	0.456388225731442
ENST00000614575.4-ENSG00000273594.4:protein_coding	1.0	1.0	0.25	90909.09090909091	0.15212940857714735	8:hsa;ENST00000614575.4-ENSG00000273594.4:protein_coding,143597620,143597679,-	22727.272727272728	0.03803235214428684
ENST00000619198.2-ENSG00000273594.4:protein_coding	1.0	1.0	0.25	90909.09090909091	0.15212940857714735	8:hsa;ENST00000619198.2-ENSG00000273594.4:protein_coding,143597616,143597675,-	22727.272727272728	0.03803235214428684
ENST00000620155.3-ENSG00000273594.4:protein_coding	1.0	1.0	0.25	90909.09090909091	0.15212940857714735	8:hsa;ENST00000620155.3-ENSG00000273594.4:protein_coding,143597616,143597675,-	22727.272727272728	0.03803235214428684
ENST00000632156.1-ENSG00000274137.2:processed_transcript	1.0	1.0	1.0	90909.09090909091	0.15212940857714735	8:hsa;ENST00000632156.1-ENSG00000274137.2:processed_transcript,2140743,2140802,+	90909.09090909091	0.15212940857714735
ENST00000615067.4-ENSG00000273594.4:protein_coding	1.0	1.0	0.25	90909.09090909091	0.15212940857714735	8:hsa;ENST00000615067.4-ENSG00000273594.4:protein_coding,143597616,143597675,-	22727.272727272728	0.03803235214428684
