name	unique reads 32152175_EXO_S9	32152175_EXO_S9	read count (mult. map. adj.)	32152175_EXO_S932152175_EXO_S9(lib)	RPM (total)	coordinateString 32152175_EXO_S9	32152175_EXO_S9 (lib)	RPM_adj (total)
ENST00000624888.1-ENSG00000262860.5:non_stop_decay	4.0	42.0	42.0	933333.3333333333	4.54350388745438	19:hsa;ENST00000624888.1-ENSG00000262860.5:non_stop_decay,34219717,34219776,+	933333.3333333333	4.54350388745438
ENST00000632385.1-ENSG00000274137.2:processed_transcript	1.0	1.0	1.0	22222.222222222223	0.10817866398700905	8:hsa;ENST00000632385.1-ENSG00000274137.2:processed_transcript,2119258,2119317,+	22222.222222222223	0.10817866398700905
ENST00000575017.3-ENSG00000262647.3:protein_coding	1.0	1.0	1.0	22222.222222222223	0.10817866398700905	11:hsa;ENST00000575017.3-ENSG00000262647.3:protein_coding,56743752,56743811,-	22222.222222222223	0.10817866398700905
ENST00000620290.2-ENSG00000276262.2:protein_coding	1.0	1.0	0.5	22222.222222222223	0.10817866398700905	17:hsa;ENST00000620290.2-ENSG00000276262.2:protein_coding,46372748,46372807,+	11111.111111111111	0.054089331993504526
ENST00000620290.2-ENSG00000276262.2:protein_coding	1.0	1.0	0.5	22222.222222222223	0.10817866398700905	17:hsa;ENST00000620290.2-ENSG00000276262.2:protein_coding,46590669,46590728,+	11111.111111111111	0.054089331993504526
