name	unique reads 32152086_EXO_S7	32152086_EXO_S7	read count (mult. map. adj.)	32152086_EXO_S732152086_EXO_S7(lib)	RPM (total)	coordinateString 32152086_EXO_S7	32152086_EXO_S7 (lib)	RPM_adj (total)
ENST00000443931.5-ENSG00000235915.8:protein_coding	1.0	1.0	0.5	500000.0	0.13481360468795436	6:hsa;ENST00000443931.5-ENSG00000235915.8:protein_coding,31587009,31587068,+	250000.0	0.06740680234397718
ENST00000452762.5-ENSG00000230791.8:protein_coding	1.0	1.0	0.5	500000.0	0.13481360468795436	6:hsa;ENST00000452762.5-ENSG00000230791.8:protein_coding,31587009,31587068,+	250000.0	0.06740680234397718
ENST00000621348.4-ENSG00000276336.4:protein_coding	1.0	1.0	0.5	500000.0	0.13481360468795436	17:hsa;ENST00000621348.4-ENSG00000276336.4:protein_coding,1645688,1645747,-	250000.0	0.06740680234397718
ENST00000632317.1-ENSG00000276336.4:protein_coding	1.0	1.0	0.5	500000.0	0.13481360468795436	17:hsa;ENST00000632317.1-ENSG00000276336.4:protein_coding,1645685,1645744,-	250000.0	0.06740680234397718
