name	unique reads 32151151_EXO_S3	32151151_EXO_S3	read count (mult. map. adj.)	32151151_EXO_S332151151_EXO_S3(lib)	RPM (total)	coordinateString 32151151_EXO_S3	32151151_EXO_S3 (lib)	RPM_adj (total)
ENST00000631344.1-ENSG00000281742.2:processed_transcript	2.0	62.0	62.0	939393.9393939393	6.464736115727953	5:hsa;ENST00000631344.1-ENSG00000281742.2:processed_transcript,71604380,71604439,+	939393.9393939393	6.464736115727953
ENST00000628957.2-ENSG00000277800.3:protein_coding	2.0	2.0	2.0	30303.0303030303	0.2085398747009017	X:hsa;ENST00000628957.2-ENSG00000277800.3:protein_coding,80022242,80022301,+	30303.0303030303	0.2085398747009017
ENST00000452762.5-ENSG00000230791.8:protein_coding	1.0	1.0	0.5	15151.51515151515	0.10426993735045086	6:hsa;ENST00000452762.5-ENSG00000230791.8:protein_coding,31587009,31587068,+	7575.757575757575	0.05213496867522543
ENST00000443931.5-ENSG00000235915.8:protein_coding	1.0	1.0	0.5	15151.51515151515	0.10426993735045086	6:hsa;ENST00000443931.5-ENSG00000235915.8:protein_coding,31587009,31587068,+	7575.757575757575	0.05213496867522543
ENST00000361681.2-ENSG00000198695.2:protein_coding	1.0	1.0	1.0	15151.51515151515	0.10426993735045086	MT:hsa;ENST00000361681.2-ENSG00000198695.2:protein_coding,14614,14673,-	15151.51515151515	0.10426993735045086
