name	unique reads 32152337_EXO_S10	32152337_EXO_S10	read count (mult. map. adj.)	32152337_EXO_S1032152337_EXO_S10(lib)	RPM (total)	coordinateString 32152337_EXO_S10	32152337_EXO_S10 (lib)	RPM_adj (total)
ENST00000498119.1-ENSG00000227861.9:retained_intron	1.0	46.0	23.0	958333.3333333333	5.614599031579313	6:hsa;ENST00000498119.1-ENSG00000227861.9:retained_intron,31763620,31763679,+	479166.6666666666	2.8072995157896563
ENST00000491492.1-ENSG00000234951.9:retained_intron	1.0	46.0	23.0	958333.3333333333	5.614599031579313	6:hsa;ENST00000491492.1-ENSG00000234951.9:retained_intron,31763620,31763679,+	479166.6666666666	2.8072995157896563
ENST00000631707.1-ENSG00000278191.4:retained_intron	1.0	1.0	1.0	20833.333333333332	0.1220565006865068	11:hsa;ENST00000631707.1-ENSG00000278191.4:retained_intron,3040029,3040088,-	20833.333333333332	0.1220565006865068
ENST00000633006.1-ENSG00000276561.4:retained_intron	1.0	1.0	1.0	20833.333333333332	0.1220565006865068	11:hsa;ENST00000633006.1-ENSG00000276561.4:retained_intron,613532,613591,-	20833.333333333332	0.1220565006865068
