name	unique reads 32151185_EXO_S4	32151185_EXO_S4	read count (mult. map. adj.)	32151185_EXO_S432151185_EXO_S4(lib)	RPM (total)	coordinateString 32151185_EXO_S4	32151185_EXO_S4 (lib)	RPM_adj (total)
ENST00000611005.3-ENSG00000276482.3:protein_coding	1.0	10.0	10.0	833333.3333333333	1.4213824820863166	5:hsa;ENST00000611005.3-ENSG00000276482.3:protein_coding,1111976,1112035,-	833333.3333333333	1.4213824820863166
ENST00000576814.2-ENSG00000263242.2:protein_coding	1.0	1.0	1.0	83333.33333333333	0.14213824820863166	17:hsa;ENST00000576814.2-ENSG00000263242.2:protein_coding,41030045,41030104,-	83333.33333333333	0.14213824820863166
ENST00000452762.5-ENSG00000230791.8:protein_coding	1.0	1.0	0.5	83333.33333333333	0.14213824820863166	6:hsa;ENST00000452762.5-ENSG00000230791.8:protein_coding,31587009,31587068,+	41666.666666666664	0.07106912410431583
ENST00000443931.5-ENSG00000235915.8:protein_coding	1.0	1.0	0.5	83333.33333333333	0.14213824820863166	6:hsa;ENST00000443931.5-ENSG00000235915.8:protein_coding,31587009,31587068,+	41666.666666666664	0.07106912410431583
