name	unique reads 32151130_EXO_S2	32151130_EXO_S2	read count (mult. map. adj.)	32151130_EXO_S232151130_EXO_S2(lib)	RPM (total)	coordinateString 32151130_EXO_S2	32151130_EXO_S2 (lib)	RPM_adj (total)
ENST00000417183.5-ENSG00000231257.8:protein_coding	1.0	39.0	19.5	573529.4117647059	4.882171299367358	6:hsa;ENST00000417183.5-ENSG00000231257.8:protein_coding,30626842,30626901,+	286764.70588235295	2.441085649683679
ENST00000416917.5-ENSG00000234549.8:protein_coding	1.0	39.0	19.5	573529.4117647059	4.882171299367358	6:hsa;ENST00000416917.5-ENSG00000234549.8:protein_coding,30626842,30626901,+	286764.70588235295	2.441085649683679
ENST00000498119.1-ENSG00000227861.9:retained_intron	1.0	26.0	13.0	382352.9411764706	3.254780866244906	6:hsa;ENST00000498119.1-ENSG00000227861.9:retained_intron,31763620,31763679,+	191176.4705882353	1.627390433122453
ENST00000491492.1-ENSG00000234951.9:retained_intron	1.0	26.0	13.0	382352.9411764706	3.254780866244906	6:hsa;ENST00000491492.1-ENSG00000234951.9:retained_intron,31763620,31763679,+	191176.4705882353	1.627390433122453
ENST00000443931.5-ENSG00000235915.8:protein_coding	1.0	1.0	0.5	14705.882352941177	0.1251838794709579	6:hsa;ENST00000443931.5-ENSG00000235915.8:protein_coding,31587009,31587068,+	7352.941176470588	0.06259193973547895
ENST00000452762.5-ENSG00000230791.8:protein_coding	1.0	1.0	0.5	14705.882352941177	0.1251838794709579	6:hsa;ENST00000452762.5-ENSG00000230791.8:protein_coding,31587009,31587068,+	7352.941176470588	0.06259193973547895
ENST00000627778.1-ENSG00000276429.3:retained_intron	1.0	1.0	1.0	14705.882352941177	0.1251838794709579	1:hsa;ENST00000627778.1-ENSG00000276429.3:retained_intron,2498647,2498706,+	14705.882352941177	0.1251838794709579
ENST00000575017.3-ENSG00000262647.3:protein_coding	1.0	1.0	1.0	14705.882352941177	0.1251838794709579	11:hsa;ENST00000575017.3-ENSG00000262647.3:protein_coding,56743752,56743811,-	14705.882352941177	0.1251838794709579
