name	unique reads 32151825_EXO_S6	32151825_EXO_S6	read count (mult. map. adj.)	32151825_EXO_S632151825_EXO_S6(lib)	RPM (total)	coordinateString 32151825_EXO_S6	32151825_EXO_S6 (lib)	RPM_adj (total)
ENST00000450177.1-ENSG00000236560.6:protein_coding	1.0	23.0	7.666666666666667	958333.3333333333	3.0543454371731102	6:hsa;ENST00000450177.1-ENSG00000236560.6:protein_coding,30068206,30068265,+	319444.44444444444	1.01811514572437
ENST00000430959.1-ENSG00000237403.6:protein_coding	1.0	23.0	7.666666666666667	958333.3333333333	3.0543454371731102	6:hsa;ENST00000430959.1-ENSG00000237403.6:protein_coding,30068206,30068265,+	319444.44444444444	1.01811514572437
ENST00000452227.1-ENSG00000233314.6:protein_coding	1.0	23.0	7.666666666666667	958333.3333333333	3.0543454371731102	6:hsa;ENST00000452227.1-ENSG00000233314.6:protein_coding,30068206,30068265,+	319444.44444444444	1.01811514572437
ENST00000632520.1-ENSG00000276838.4:protein_coding	1.0	1.0	0.5	41666.666666666664	0.1327976277031787	17:hsa;ENST00000632520.1-ENSG00000276838.4:protein_coding,1742836,1742895,+	20833.333333333332	0.06639881385158936
ENST00000618883.3-ENSG00000276838.4:protein_coding	1.0	1.0	0.5	41666.666666666664	0.1327976277031787	17:hsa;ENST00000618883.3-ENSG00000276838.4:protein_coding,1742836,1742895,+	20833.333333333332	0.06639881385158936
