name	unique reads 32151033_EXO_S1	32151033_EXO_S1	read count (mult. map. adj.)	32151033_EXO_S132151033_EXO_S1(lib)	RPM (total)	coordinateString 32151033_EXO_S1	32151033_EXO_S1 (lib)	RPM_adj (total)
ENST00000631518.1-ENSG00000274442.2:retained_intron	1.0	30.0	30.0	882352.9411764706	3.0173588655535295	17:hsa;ENST00000631518.1-ENSG00000274442.2:retained_intron,1680984,1681043,-	882352.9411764706	3.0173588655535295
ENST00000617214.2-ENSG00000273645.2:protein_coding	1.0	1.0	1.0	29411.764705882353	0.10057862885178431	8:hsa;ENST00000617214.2-ENSG00000273645.2:protein_coding,1973878,1973937,+	29411.764705882353	0.10057862885178431
ENST00000630055.1-ENSG00000282035.1:protein_coding	1.0	1.0	0.5	29411.764705882353	0.10057862885178431	3:hsa;ENST00000630055.1-ENSG00000282035.1:protein_coding,11846786,11846845,-	14705.882352941177	0.050289314425892157
ENST00000621348.4-ENSG00000276336.4:protein_coding	1.0	1.0	0.5	29411.764705882353	0.10057862885178431	17:hsa;ENST00000621348.4-ENSG00000276336.4:protein_coding,1645688,1645747,-	14705.882352941177	0.050289314425892157
ENST00000472532.5-ENSG00000223757.8:retained_intron	1.0	1.0	1.0	29411.764705882353	0.10057862885178431	6:hsa;ENST00000472532.5-ENSG00000223757.8:retained_intron,31767628,31767687,-	29411.764705882353	0.10057862885178431
ENST00000632317.1-ENSG00000276336.4:protein_coding	1.0	1.0	0.5	29411.764705882353	0.10057862885178431	17:hsa;ENST00000632317.1-ENSG00000276336.4:protein_coding,1645685,1645744,-	14705.882352941177	0.050289314425892157
ENST00000624616.1-ENSG00000279643.3:retained_intron	1.0	1.0	0.5	29411.764705882353	0.10057862885178431	3:hsa;ENST00000624616.1-ENSG00000279643.3:retained_intron,11846805,11846864,-	14705.882352941177	0.050289314425892157
