name	unique reads 32152088_EXO_S8	32152088_EXO_S8	read count (mult. map. adj.)	32152088_EXO_S832152088_EXO_S8(lib)	RPM (total)	coordinateString 32152088_EXO_S8	32152088_EXO_S8 (lib)	RPM_adj (total)
ENST00000623194.3-ENSG00000279389.3:protein_coding	1.0	52.0	52.0	945454.5454545454	4.680541351412704	19:hsa;ENST00000623194.3-ENSG00000279389.3:protein_coding,34254552,34254611,+	945454.5454545454	4.680541351412704
ENST00000494196.1-ENSG00000227816.4:retained_intron	1.0	1.0	0.5	18181.81818181818	0.09001041060409047	6:hsa;ENST00000494196.1-ENSG00000227816.4:retained_intron,32848171,32848230,-	9090.90909090909	0.045005205302045236
ENST00000624386.3-ENSG00000279643.3:protein_coding	1.0	1.0	1.0	18181.81818181818	0.09001041060409047	3:hsa;ENST00000624386.3-ENSG00000279643.3:protein_coding,11846860,11846919,-	18181.81818181818	0.09001041060409047
ENST00000573905.5-ENSG00000262666.5:processed_transcript	1.0	1.0	0.3333333333333333	18181.81818181818	0.09001041060409047	1:hsa;ENST00000573905.5-ENSG00000262666.5:processed_transcript,155254905,155254964,-	6060.60606060606	0.03000347020136349
ENST00000572488.5-ENSG00000262666.5:protein_coding	1.0	1.0	0.3333333333333333	18181.81818181818	0.09001041060409047	1:hsa;ENST00000572488.5-ENSG00000262666.5:protein_coding,155254909,155254968,-	6060.60606060606	0.03000347020136349
ENST00000468609.1-ENSG00000232367.5:retained_intron	1.0	1.0	0.5	18181.81818181818	0.09001041060409047	6:hsa;ENST00000468609.1-ENSG00000232367.5:retained_intron,32848171,32848230,-	9090.90909090909	0.045005205302045236
ENST00000574749.5-ENSG00000262666.5:protein_coding	1.0	1.0	0.3333333333333333	18181.81818181818	0.09001041060409047	1:hsa;ENST00000574749.5-ENSG00000262666.5:protein_coding,155254901,155254960,-	6060.60606060606	0.03000347020136349
