name	unique reads 32160526_EXO_S15	32160526_EXO_S15	read count (mult. map. adj.)	32160526_EXO_S1532160526_EXO_S15(lib)	RPM (total)	coordinateString 32160526_EXO_S15	32160526_EXO_S15 (lib)	RPM_adj (total)
ENST00000633987.1-ENSG00000282305.1:IG_V_gene	1.0	24.0	12.0	615384.6153846154	4.563369226767507	14:hsa;ENST00000633987.1-ENSG00000282305.1:IG_V_gene,106811072,106811131,-	307692.3076923077	2.2816846133837534
ENST00000424969.2-ENSG00000224650.2:IG_V_gene	1.0	24.0	12.0	615384.6153846154	4.563369226767507	14:hsa;ENST00000424969.2-ENSG00000224650.2:IG_V_gene,106811072,106811131,-	307692.3076923077	2.2816846133837534
ENST00000498119.1-ENSG00000227861.9:retained_intron	1.0	14.0	7.0	358974.358974359	2.661965382281046	6:hsa;ENST00000498119.1-ENSG00000227861.9:retained_intron,31763620,31763679,+	179487.1794871795	1.330982691140523
ENST00000491492.1-ENSG00000234951.9:retained_intron	1.0	14.0	7.0	358974.358974359	2.661965382281046	6:hsa;ENST00000491492.1-ENSG00000234951.9:retained_intron,31763620,31763679,+	179487.1794871795	1.330982691140523
ENST00000618752.2-ENSG00000274126.4:protein_coding	1.0	1.0	1.0	25641.02564102564	0.19014038444864612	14:hsa;ENST00000618752.2-ENSG00000274126.4:protein_coding,104581141,104581200,+	25641.02564102564	0.19014038444864612
