name	unique reads 32160079_EXO_S13	32160079_EXO_S13	read count (mult. map. adj.)	32160079_EXO_S1332160079_EXO_S13(lib)	RPM (total)	coordinateString 32160079_EXO_S13	32160079_EXO_S13 (lib)	RPM_adj (total)
ENST00000626041.1-ENSG00000273607.3:nonsense_mediated_decay	1.0	2.0	2.0	333333.3333333333	0.3054200763000434	22:hsa;ENST00000626041.1-ENSG00000273607.3:nonsense_mediated_decay,23767861,23767920,-	333333.3333333333	0.3054200763000434
ENST00000617893.4-ENSG00000276463.4:protein_coding	1.0	1.0	1.0	166666.66666666666	0.1527100381500217	5:hsa;ENST00000617893.4-ENSG00000276463.4:protein_coding,69369583,69369642,-	166666.66666666666	0.1527100381500217
ENST00000628957.2-ENSG00000277800.3:protein_coding	1.0	1.0	1.0	166666.66666666666	0.1527100381500217	X:hsa;ENST00000628957.2-ENSG00000277800.3:protein_coding,80022242,80022301,+	166666.66666666666	0.1527100381500217
ENST00000498119.1-ENSG00000227861.9:retained_intron	1.0	1.0	0.5	166666.66666666666	0.1527100381500217	6:hsa;ENST00000498119.1-ENSG00000227861.9:retained_intron,31763620,31763679,+	83333.33333333333	0.07635501907501085
ENST00000575017.3-ENSG00000262647.3:protein_coding	1.0	1.0	1.0	166666.66666666666	0.1527100381500217	11:hsa;ENST00000575017.3-ENSG00000262647.3:protein_coding,56743752,56743811,-	166666.66666666666	0.1527100381500217
ENST00000491492.1-ENSG00000234951.9:retained_intron	1.0	1.0	0.5	166666.66666666666	0.1527100381500217	6:hsa;ENST00000491492.1-ENSG00000234951.9:retained_intron,31763620,31763679,+	83333.33333333333	0.07635501907501085
