name	unique reads 32160791_EXO_S16	32160791_EXO_S16	read count (mult. map. adj.)	32160791_EXO_S1632160791_EXO_S16(lib)	RPM (total)	coordinateString 32160791_EXO_S16	32160791_EXO_S16 (lib)	RPM_adj (total)
ENST00000625493.1-ENSG00000275272.4:protein_coding	1.0	26.0	26.0	866666.6666666666	3.7537667605685856	4:hsa;ENST00000625493.1-ENSG00000275272.4:protein_coding,68349986,68350045,-	866666.6666666666	3.7537667605685856
ENST00000634157.1-ENSG00000273594.4:nonsense_mediated_decay	1.0	1.0	1.0	33333.333333333336	0.1443756446372533	8:hsa;ENST00000634157.1-ENSG00000273594.4:nonsense_mediated_decay,143589257,143589316,-	33333.333333333336	0.1443756446372533
ENST00000630049.1-ENSG00000275990.3:processed_transcript	1.0	1.0	1.0	33333.333333333336	0.1443756446372533	22:hsa;ENST00000630049.1-ENSG00000275990.3:processed_transcript,36872137,36872196,+	33333.333333333336	0.1443756446372533
ENST00000621393.1-ENSG00000276342.4:protein_coding	1.0	1.0	0.5	33333.333333333336	0.1443756446372533	14:hsa;ENST00000621393.1-ENSG00000276342.4:protein_coding,104604682,104604741,-	16666.666666666668	0.07218782231862665
ENST00000390506.1-ENSG00000211858.1:TR_J_gene	1.0	1.0	1.0	33333.333333333336	0.1443756446372533	14:hsa;ENST00000390506.1-ENSG00000211858.1:TR_J_gene,22510968,22511024,+	33333.333333333336	0.1443756446372533
ENST00000615269.4-ENSG00000276342.4:protein_coding	1.0	1.0	0.5	33333.333333333336	0.1443756446372533	14:hsa;ENST00000615269.4-ENSG00000276342.4:protein_coding,104604700,104604759,-	16666.666666666668	0.07218782231862665
