name	unique reads 32161000_EXO_S17	32161000_EXO_S17	read count (mult. map. adj.)	32161000_EXO_S1732161000_EXO_S17(lib)	RPM (total)	coordinateString 32161000_EXO_S17	32161000_EXO_S17 (lib)	RPM_adj (total)
ENST00000575017.3-ENSG00000262647.3:protein_coding	1.0	1.0	1.0	250000.0	0.1310667007614844	11:hsa;ENST00000575017.3-ENSG00000262647.3:protein_coding,56743752,56743811,-	250000.0	0.1310667007614844
ENST00000490636.5-ENSG00000231488.9:processed_transcript	1.0	1.0	0.5	250000.0	0.1310667007614844	6:hsa;ENST00000490636.5-ENSG00000231488.9:processed_transcript,31703281,31703340,-	125000.0	0.0655333503807422
ENST00000576814.2-ENSG00000263242.2:protein_coding	1.0	1.0	1.0	250000.0	0.1310667007614844	17:hsa;ENST00000576814.2-ENSG00000263242.2:protein_coding,41030045,41030104,-	250000.0	0.1310667007614844
ENST00000497893.5-ENSG00000231488.9:processed_transcript	1.0	1.0	0.5	250000.0	0.1310667007614844	6:hsa;ENST00000497893.5-ENSG00000231488.9:processed_transcript,31703274,31703333,-	125000.0	0.0655333503807422
ENST00000390506.1-ENSG00000211858.1:TR_J_gene	1.0	1.0	1.0	250000.0	0.1310667007614844	14:hsa;ENST00000390506.1-ENSG00000211858.1:TR_J_gene,22510968,22511024,+	250000.0	0.1310667007614844
