name	unique reads 32161454_EXO_S20	32161454_EXO_S20	read count (mult. map. adj.)	32161454_EXO_S2032161454_EXO_S20(lib)	RPM (total)	coordinateString 32161454_EXO_S20	32161454_EXO_S20 (lib)	RPM_adj (total)
ENST00000618489.1-ENSG00000262446.5:protein_coding	1.0	40.0	40.0	888888.8888888889	5.175924497754167	1:hsa;ENST00000618489.1-ENSG00000262446.5:protein_coding,155244803,155244862,-	888888.8888888889	5.175924497754167
ENST00000630049.1-ENSG00000275990.3:processed_transcript	1.0	2.0	2.0	44444.444444444445	0.2587962248877083	22:hsa;ENST00000630049.1-ENSG00000275990.3:processed_transcript,36872137,36872196,+	44444.444444444445	0.2587962248877083
ENST00000628957.2-ENSG00000277800.3:protein_coding	1.0	1.0	1.0	22222.222222222223	0.12939811244385416	X:hsa;ENST00000628957.2-ENSG00000277800.3:protein_coding,80022242,80022301,+	22222.222222222223	0.12939811244385416
ENST00000621277.4-ENSG00000278634.4:processed_transcript	1.0	1.0	0.5	22222.222222222223	0.12939811244385416	19:hsa;ENST00000621277.4-ENSG00000278634.4:processed_transcript,54572920,54572979,+	11111.111111111111	0.06469905622192708
ENST00000631707.1-ENSG00000278191.4:retained_intron	1.0	1.0	1.0	22222.222222222223	0.12939811244385416	11:hsa;ENST00000631707.1-ENSG00000278191.4:retained_intron,3040029,3040088,-	22222.222222222223	0.12939811244385416
ENST00000617894.4-ENSG00000274000.4:processed_transcript	1.0	1.0	0.5	22222.222222222223	0.12939811244385416	19:hsa;ENST00000617894.4-ENSG00000274000.4:processed_transcript,54572920,54572979,+	11111.111111111111	0.06469905622192708
