name	unique reads 32160288_EXO_S14	32160288_EXO_S14	read count (mult. map. adj.)	32160288_EXO_S1432160288_EXO_S14(lib)	RPM (total)	coordinateString 32160288_EXO_S14	32160288_EXO_S14 (lib)	RPM_adj (total)
ENST00000446013.2-ENSG00000237703.8:protein_coding	1.0	1.0	0.25	500000.0	0.09459179007584559	6:hsa;ENST00000446013.2-ENSG00000237703.8:protein_coding,30160875,30160934,-	125000.0	0.023647947518961397
ENST00000573400.1-ENSG00000262755.1:polymorphic_pseudogene	1.0	1.0	1.0	500000.0	0.09459179007584559	11:hsa;ENST00000573400.1-ENSG00000262755.1:polymorphic_pseudogene,56318307,56318366,+	500000.0	0.09459179007584559
ENST00000259941.6-ENSG00000137394.14:protein_coding	1.0	1.0	0.25	500000.0	0.09459179007584559	6:hsa;ENST00000259941.6-ENSG00000137394.14:protein_coding,30160875,30160934,-	125000.0	0.023647947518961397
ENST00000354038.10-ENSG00000137394.14:protein_coding	1.0	1.0	0.25	500000.0	0.09459179007584559	6:hsa;ENST00000354038.10-ENSG00000137394.14:protein_coding,30160875,30160934,-	125000.0	0.023647947518961397
ENST00000449208.6-ENSG00000237703.8:protein_coding	1.0	1.0	0.25	500000.0	0.09459179007584559	6:hsa;ENST00000449208.6-ENSG00000237703.8:protein_coding,30160875,30160934,-	125000.0	0.023647947518961397
