name	unique reads 32161249_EXO_S19	32161249_EXO_S19	read count (mult. map. adj.)	32161249_EXO_S1932161249_EXO_S19(lib)	RPM (total)	coordinateString 32161249_EXO_S19	32161249_EXO_S19 (lib)	RPM_adj (total)
ENST00000626041.1-ENSG00000273607.3:nonsense_mediated_decay	1.0	1.0	1.0	500000.0	0.12634069587949928	22:hsa;ENST00000626041.1-ENSG00000273607.3:nonsense_mediated_decay,23767861,23767920,-	500000.0	0.12634069587949928
ENST00000628957.2-ENSG00000277800.3:protein_coding	1.0	1.0	1.0	500000.0	0.12634069587949928	X:hsa;ENST00000628957.2-ENSG00000277800.3:protein_coding,80022242,80022301,+	500000.0	0.12634069587949928
