name	unique reads 32170273_EXO_S23	32170273_EXO_S23	read count (mult. map. adj.)	32170273_EXO_S2332170273_EXO_S23(lib)	RPM (total)	coordinateString 32170273_EXO_S23	32170273_EXO_S23 (lib)	RPM_adj (total)
ENST00000466864.5-ENSG00000233312.8:retained_intron	1.0	1.0	0.5	333333.3333333333	0.11921659437769772	6:hsa;ENST00000466864.5-ENSG00000233312.8:retained_intron,32031937,32031996,+	166666.66666666666	0.05960829718884886
ENST00000611111.2-ENSG00000273831.2:protein_coding	1.0	1.0	1.0	333333.3333333333	0.11921659437769772	11:hsa;ENST00000611111.2-ENSG00000273831.2:protein_coding,537527,537586,+	333333.3333333333	0.11921659437769772
ENST00000466864.5-ENSG00000233312.8:retained_intron	1.0	1.0	0.5	333333.3333333333	0.11921659437769772	6:hsa;ENST00000466864.5-ENSG00000233312.8:retained_intron,31999200,31999259,+	166666.66666666666	0.05960829718884886
ENST00000628957.2-ENSG00000277800.3:protein_coding	1.0	1.0	1.0	333333.3333333333	0.11921659437769772	X:hsa;ENST00000628957.2-ENSG00000277800.3:protein_coding,80022242,80022301,+	333333.3333333333	0.11921659437769772
