name	unique reads 32170447_EXO_S28	32170447_EXO_S28	read count (mult. map. adj.)	32170447_EXO_S2832170447_EXO_S28(lib)	RPM (total)	coordinateString 32170447_EXO_S28	32170447_EXO_S28 (lib)	RPM_adj (total)
ENST00000581268.1-ENSG00000263309.6:protein_coding	1.0	25.0	25.0	833333.3333333333	2.5842250632618295	17:hsa;ENST00000581268.1-ENSG00000263309.6:protein_coding,40936331,40936390,-	833333.3333333333	2.5842250632618295
ENST00000572659.1-ENSG00000262102.1:protein_coding	2.0	2.0	2.0	66666.66666666667	0.20673800506094636	18:hsa;ENST00000572659.1-ENSG00000262102.1:protein_coding,67516921,67516980,-	66666.66666666667	0.20673800506094636
ENST00000620290.2-ENSG00000276262.2:protein_coding	1.0	1.0	0.5	33333.333333333336	0.10336900253047318	17:hsa;ENST00000620290.2-ENSG00000276262.2:protein_coding,46372748,46372807,+	16666.666666666668	0.05168450126523659
ENST00000628981.1-ENSG00000274474.3:processed_transcript	1.0	1.0	0.5	33333.333333333336	0.10336900253047318	17:hsa;ENST00000628981.1-ENSG00000274474.3:processed_transcript,1400076,1400135,-	16666.666666666668	0.05168450126523659
ENST00000630699.2-ENSG00000274474.3:retained_intron	1.0	1.0	0.5	33333.333333333336	0.10336900253047318	17:hsa;ENST00000630699.2-ENSG00000274474.3:retained_intron,1400092,1400151,-	16666.666666666668	0.05168450126523659
ENST00000620290.2-ENSG00000276262.2:protein_coding	1.0	1.0	0.5	33333.333333333336	0.10336900253047318	17:hsa;ENST00000620290.2-ENSG00000276262.2:protein_coding,46590669,46590728,+	16666.666666666668	0.05168450126523659
ENST00000576814.2-ENSG00000263242.2:protein_coding	1.0	1.0	1.0	33333.333333333336	0.10336900253047318	17:hsa;ENST00000576814.2-ENSG00000263242.2:protein_coding,41030045,41030104,-	33333.333333333336	0.10336900253047318
