name	unique reads 32170032_EXO_S21	32170032_EXO_S21	read count (mult. map. adj.)	32170032_EXO_S2132170032_EXO_S21(lib)	RPM (total)	coordinateString 32170032_EXO_S21	32170032_EXO_S21 (lib)	RPM_adj (total)
ENST00000632428.1-ENSG00000278550.4:retained_intron	1.0	50.0	50.0	581395.3488372093	6.688549818058068	17:hsa;ENST00000632428.1-ENSG00000278550.4:retained_intron,1628827,1628886,-	581395.3488372093	6.688549818058068
ENST00000498119.1-ENSG00000227861.9:retained_intron	2.0	35.0	17.5	406976.7441860465	4.681984872640648	6:hsa;ENST00000498119.1-ENSG00000227861.9:retained_intron,31763620,31763679,+	203488.37209302324	2.340992436320324
ENST00000491492.1-ENSG00000234951.9:retained_intron	2.0	35.0	17.5	406976.7441860465	4.681984872640648	6:hsa;ENST00000491492.1-ENSG00000234951.9:retained_intron,31763620,31763679,+	203488.37209302324	2.340992436320324
ENST00000629615.1-ENSG00000273494.3:retained_intron	1.0	1.0	1.0	11627.906976744185	0.13377099636116135	1:hsa;ENST00000629615.1-ENSG00000273494.3:retained_intron,2514026,2514085,-	11627.906976744185	0.13377099636116135
