name	unique reads 32170440_EXO_S27	32170440_EXO_S27	read count (mult. map. adj.)	32170440_EXO_S2732170440_EXO_S27(lib)	RPM (total)	coordinateString 32170440_EXO_S27	32170440_EXO_S27 (lib)	RPM_adj (total)
ENST00000576814.2-ENSG00000263242.2:protein_coding	1.0	1.0	1.0	500000.0	0.09299030696937242	17:hsa;ENST00000576814.2-ENSG00000263242.2:protein_coding,41030045,41030104,-	500000.0	0.09299030696937242
ENST00000622637.1-ENSG00000275617.1:protein_coding	1.0	1.0	1.0	500000.0	0.09299030696937242	1:hsa;ENST00000622637.1-ENSG00000275617.1:protein_coding,248361581,248361640,+	500000.0	0.09299030696937242
