name	unique reads 32170378_EXO_S26	32170378_EXO_S26	read count (mult. map. adj.)	32170378_EXO_S2632170378_EXO_S26(lib)	RPM (total)	coordinateString 32170378_EXO_S26	32170378_EXO_S26 (lib)	RPM_adj (total)
ENST00000619958.1-ENSG00000274914.4:processed_transcript	1.0	61.0	61.0	938461.5384615385	8.444528858969724	19:hsa;ENST00000619958.1-ENSG00000274914.4:processed_transcript,54320527,54320586,-	938461.5384615385	8.444528858969724
ENST00000576814.2-ENSG00000263242.2:protein_coding	1.0	1.0	1.0	15384.615384615387	0.13843489932737252	17:hsa;ENST00000576814.2-ENSG00000263242.2:protein_coding,41030045,41030104,-	15384.615384615387	0.13843489932737252
ENST00000612315.1-ENSG00000277475.1:protein_coding	1.0	1.0	1.0	15384.615384615387	0.13843489932737252	1:hsa;ENST00000612315.1-ENSG00000277475.1:protein_coding,16536113,16536172,-	15384.615384615387	0.13843489932737252
ENST00000628957.2-ENSG00000277800.3:protein_coding	1.0	1.0	1.0	15384.615384615387	0.13843489932737252	X:hsa;ENST00000628957.2-ENSG00000277800.3:protein_coding,80022242,80022301,+	15384.615384615387	0.13843489932737252
ENST00000626041.1-ENSG00000273607.3:nonsense_mediated_decay	1.0	1.0	1.0	15384.615384615387	0.13843489932737252	22:hsa;ENST00000626041.1-ENSG00000273607.3:nonsense_mediated_decay,23767861,23767920,-	15384.615384615387	0.13843489932737252
