name	unique reads 181023-190319_Brain_S29	181023-190319_Brain_S29	read count (mult. map. adj.)	181023-190319_Brain_S29181023-190319_Brain_S29(lib)	RPM (total)	coordinateString 181023-190319_Brain_S29	181023-190319_Brain_S29 (lib)	RPM_adj (total)
NR_030583:vault_RNA 	1.0	18.0	18.0	1000000.0	0.6675716713290984	5:hsa;NR_030583:vault_RNA ,136080548,136080597,-	1000000.0	0.6675716713290984
