name	unique reads 32151130_EXO_S2	32151130_EXO_S2	read count (mult. map. adj.)	32151130_EXO_S232151130_EXO_S2(lib)	RPM (total)	coordinateString 32151130_EXO_S2	32151130_EXO_S2 (lib)	RPM_adj (total)
NR_030583:vault_RNA 	2.0	49.0	49.0	1000000.0	6.134010094076937	5:hsa;NR_030583:vault_RNA ,136080548,136080597,-	1000000.0	6.134010094076937
