name	unique reads 32151764_EXO_S5	32151764_EXO_S5	read count (mult. map. adj.)	32151764_EXO_S532151764_EXO_S5(lib)	RPM (total)	coordinateString 32151764_EXO_S5	32151764_EXO_S5 (lib)	RPM_adj (total)
NR_030583:vault_RNA 	3.0	51.0	51.0	1000000.0	6.527354157470244	5:hsa;NR_030583:vault_RNA ,136080548,136080597,-	1000000.0	6.527354157470244
