name	unique reads 32152088_EXO_S8	32152088_EXO_S8	read count (mult. map. adj.)	32152088_EXO_S832152088_EXO_S8(lib)	RPM (total)	coordinateString 32152088_EXO_S8	32152088_EXO_S8 (lib)	RPM_adj (total)
NR_030583:vault_RNA 	4.0	93.0	93.0	1000000.0	8.370968186180413	5:hsa;NR_030583:vault_RNA ,136080548,136080597,-	1000000.0	8.370968186180413
