name	unique reads 32151185_EXO_S4	32151185_EXO_S4	read count (mult. map. adj.)	32151185_EXO_S432151185_EXO_S4(lib)	RPM (total)	coordinateString 32151185_EXO_S4	32151185_EXO_S4 (lib)	RPM_adj (total)
NR_030583:vault_RNA 	1.0	17.0	17.0	1000000.0	2.416350219546738	5:hsa;NR_030583:vault_RNA ,136080548,136080597,-	1000000.0	2.416350219546738
