name	unique reads 32152337_EXO_S10	32152337_EXO_S10	read count (mult. map. adj.)	32152337_EXO_S1032152337_EXO_S10(lib)	RPM (total)	coordinateString 32152337_EXO_S10	32152337_EXO_S10 (lib)	RPM_adj (total)
NR_030583:vault_RNA 	7.0	134.0	134.0	1000000.0	16.355571091991912	5:hsa;NR_030583:vault_RNA ,136080548,136080597,-	1000000.0	16.355571091991912
