name	unique reads 32151033_EXO_S1	32151033_EXO_S1	read count (mult. map. adj.)	32151033_EXO_S132151033_EXO_S1(lib)	RPM (total)	coordinateString 32151033_EXO_S1	32151033_EXO_S1 (lib)	RPM_adj (total)
NR_030583:vault_RNA 	7.0	198.0	198.0	1000000.0000000001	19.914568512653293	5:hsa;NR_030583:vault_RNA ,136080548,136080597,-	1000000.0000000001	19.914568512653293
