name	unique reads 32160018_EXO_S12	32160018_EXO_S12	read count (mult. map. adj.)	32160018_EXO_S1232160018_EXO_S12(lib)	RPM (total)	coordinateString 32160018_EXO_S12	32160018_EXO_S12 (lib)	RPM_adj (total)
NR_030583:vault_RNA 	3.0	10.0	10.0	999999.9999999999	1.952386753758735	5:hsa;NR_030583:vault_RNA ,136080548,136080597,-	999999.9999999999	1.952386753758735
