name	unique reads 32160288_EXO_S14	32160288_EXO_S14	read count (mult. map. adj.)	32160288_EXO_S1432160288_EXO_S14(lib)	RPM (total)	coordinateString 32160288_EXO_S14	32160288_EXO_S14 (lib)	RPM_adj (total)
NR_030583:vault_RNA 	3.0	40.0	40.0	999999.9999999999	3.7836716030338233	5:hsa;NR_030583:vault_RNA ,136080548,136080597,-	999999.9999999999	3.7836716030338233
