name	unique reads 32161000_EXO_S17	32161000_EXO_S17	read count (mult. map. adj.)	32161000_EXO_S1732161000_EXO_S17(lib)	RPM (total)	coordinateString 32161000_EXO_S17	32161000_EXO_S17 (lib)	RPM_adj (total)
NR_030583:vault_RNA 	2.0	40.0	40.0	999999.9999999999	5.242668030459377	5:hsa;NR_030583:vault_RNA ,136080548,136080597,-	999999.9999999999	5.242668030459377
