name	unique reads 32170329_EXO_S24	32170329_EXO_S24	read count (mult. map. adj.)	32170329_EXO_S2432170329_EXO_S24(lib)	RPM (total)	coordinateString 32170329_EXO_S24	32170329_EXO_S24 (lib)	RPM_adj (total)
NR_030583:vault_RNA 	13.0	227.0	227.0	834558.8235294118	18.588888790621635	5:hsa;NR_030583:vault_RNA ,136080548,136080597,-	834558.8235294118	18.588888790621635
NR_026703:vault_RNA 	1.0	45.0	45.0	165441.17647058822	3.6850220069514257	5:hsa;NR_026703:vault_RNA ,140711276,140711325,+	165441.17647058822	3.6850220069514257
