name	unique reads 32170073_EXO_S22	32170073_EXO_S22	read count (mult. map. adj.)	32170073_EXO_S2232170073_EXO_S22(lib)	RPM (total)	coordinateString 32170073_EXO_S22	32170073_EXO_S22 (lib)	RPM_adj (total)
NR_030583:vault_RNA 	4.0	41.0	41.0	1000000.0	4.467523988152126	5:hsa;NR_030583:vault_RNA ,136080548,136080597,-	1000000.0	4.467523988152126
