name	unique reads 32170337_EXO_S25	32170337_EXO_S25	read count (mult. map. adj.)	32170337_EXO_S2532170337_EXO_S25(lib)	RPM (total)	coordinateString 32170337_EXO_S25	32170337_EXO_S25 (lib)	RPM_adj (total)
NR_030583:vault_RNA 	7.0	111.0	111.0	1000000.0	10.215209618862247	5:hsa;NR_030583:vault_RNA ,136080548,136080597,-	1000000.0	10.215209618862247
