name	unique reads 32170440_EXO_S27	32170440_EXO_S27	read count (mult. map. adj.)	32170440_EXO_S2732170440_EXO_S27(lib)	RPM (total)	coordinateString 32170440_EXO_S27	32170440_EXO_S27 (lib)	RPM_adj (total)
NR_030583:vault_RNA 	2.0	29.0	29.0	1000000.0	2.6967189021118005	5:hsa;NR_030583:vault_RNA ,136080548,136080597,-	1000000.0	2.6967189021118005
