name	unique reads 32170378_EXO_S26	32170378_EXO_S26	read count (mult. map. adj.)	32170378_EXO_S2632170378_EXO_S26(lib)	RPM (total)	coordinateString 32170378_EXO_S26	32170378_EXO_S26 (lib)	RPM_adj (total)
NR_030583:vault_RNA 	2.0	46.0	46.0	1000000.0	6.368005369059135	5:hsa;NR_030583:vault_RNA ,136080548,136080597,-	1000000.0	6.368005369059135
